Era,Name,Notes,Track Length,Leak Date,Date Of Recording,Type,Available Length,Quality,Link(s),Domain,Content_Category
Kream,"Blue Crystal$ [V1]
(prod. Tom Voduz)","Blue Crystal$ realesed long before the announcemnt of name change from Kream to Young Mi$fit, so it is likely that a file with Kream in the metadata exists",,,,OG File,Rumored,Not Available,,,Rumored Song
Young Mi$fit,"??? 
(feat. Thomas J. Zombie) (prod. ???)",Unheard song mentioned by Carti in a tweet. The feature was probably one of Carti's homies back then as he had Zombie in the name. Unfortunately the original account for Thomas J. doesn't exist anymore as the handle was taken by someone else.,,,2012,Unknown,Confirmed,Not Available,https://x.com/playboicarti/status/228172732829945857,x.com,Rumored Song
$ensation,"Snow 
(feat. RaidenMajor) (prod. Rally Icon) ","The OG version of Snow featuring Raiden was recorded in 2013. Raiden recorded his verse in early November 2013, unknown when Carti recorded. Track is 4:30 minutes long.",4:30,,,OG,Confirmed,Not Available,https://imgur.com/a/5YldSW1,imgur.com,Rumored Song
$ensation,"??? 
(feat. OddysseyMajor) (prod. ???) ","Another song with Oddyssey, it is likely not Flexin' as it was mentioned by Oddyssey in August 2013.",,,,Unknown,Rumored,Not Available,,,Rumored Song
$ensation,[Unknown $en$ation Songs],"A now deleted song from SoundCloud promoted on Carti's Tumblr. Had caption ""This is very rare !"". Turns out he was promoting ""Blue Crystal$"" on his old SoundCloud, though the audio of the track seems to have been hacked as it plays a completely random sound instead of the song.",,,,Unknown,Confirmed,Not Available,,,Rumored Song
$ensation,[Unknown Cultie Marse Collaborations],Carti and Cultie used to be good friends back in the day and they very likely recorded a lot of songs together that we've never heard.,,,,Unknown,Rumored,Not Available,,,Rumored Song
$ensation,[Unknown Major118 Collaborations],"Carti was previously connected with a hip-hop collective named Major118, which included members Raiden, OddysseyMajor, Jovanni, and Kamari Esson as rappers, with Nneardark and SkaterVader as their producers. Multiple tweets dating back to 2013 indicate that Carti had ties to the group for a while. Given this, it's likely that they have multiple songs together, though the only known track at this time is ""Flexxin"".",,,,Unknown,Rumored,Not Available,,,Rumored Song
Awful Records,"Expensive Taste
(feat. Lord Narf & Father) (prod. Ethereal)",Mentioned in a tweet from @etheeereal.,,,,Throwaway,Confirmed,Not Available,https://x.com/ETHEEEREAL/status/596439468430782467,x.com,Rumored Song
Awful Records,"??? 
(feat. A$AP Rocky & FKA Twigs) (prod. ???)","Carti, said that there is a song were Rocky, him And Twigs were freestyling together, when he was 18. That would put it between Sep 2013 - Sep 2014",,,,Throwaway,Confirmed,Not Available,https://i-d.co/article/fka-twigs-cover-story/,i-d.co,Rumored Song
Ca$h Carti Season,"Boss Up [V2]
(prod. MexikoDro)
(Had 2)","OG Filename: CARTI BOSS UP KK
Said to exist from wokeupdreadful in Discord.",,,,OG,Confirmed,Not Available,,,Rumored Song
Ca$h Carti Season,"Red Lean 
(feat. Lil Uzi Vert)
(prod. Dolan Beats)","Based off the OG filename for Red Lean, there's likely a version of the song with a Lil Uzi Vert feature",,,,Throwaway,Rumored,Not Available,,,Rumored Song
Ca$h Carti Season,"Turn Up 
(feat. Lil Uzi Vert) (prod. Don Cannon & Maaly Raw)","Don Cannon has previously stated that 'Turn Up' was from a Playboi Carti & Lil Uzi Vert session in 2016, so there may be a version of the song with a Lil Uzi Vert feature.",,,,Throwaway,Rumored,Not Available,,,Rumored Song
Ca$h Carti Season,"???
(feat. Tadoe & Fredo Santana) (prod. DP Beats)",A Ca$h Carti throwaway featuring Tadoe and Fredo Santana is said to exist from waterfalls.,,,,Throwaway,Rumored,Not Available,,,Rumored Song
Ca$h Carti Season,"???
(prod. Chinatown)","It has been said that Carti used the beat for ""Brand New"" and ""Designer Shoes"" originally in 2016.",,,2016,Throwaway,Rumored,Not Available,,,Rumored Song
Ca$h Carti Season,"ü•á Frank Ocean - White Ferrari 
(feat. Playboi Carti & Ye) (prod. Frank Ocean, Jon Brion & Om‚ÄôMas Keith)","An insider confirmed, that a version of White Ferrari with Ye and Carti on it exists.",,,,Feature,Rumored,Not Available,,,Rumored Song
Ca$h Carti Season,[Unknown Keith Ape Collaborations],"""An EP might come out with Playboi Carti"" said by Keith Ape in his Noisey Interview.",,,,Unknown,Confirmed,Not Available,,,Rumored Song
Ca$h Carti Season,[Unknown Lil B Collaborations],Lil B & Carti Linked up at one point in 2016. Ian Connor posted on instagram ‚Äú3 Tracks‚Äù with a picture of Carti & Lil B. It is speculated that they do have songs together.,,,,Unknown,Rumored,Not Available,,,Rumored Song
Digital Nas Collab,"Yah [V5]
(feat. Lil Yachty) (prod. Digital Nas)
(Call Up The Troops)",It has been said by Shogani that a version of Yah with Lil Yachty exists.,,,,Throwaway,Rumored,Not Available,,,Rumored Song
Playboi Carti,"At The Gate [V1]
(prod. Pi'erre Bourne)
(Let 'Em In)","OG Filename: Carti At The Gate
Said to exist from wokeupdreadful in Discord.",,,,Demo,Confirmed,Not Available,,,Rumored Song
Playboi Carti,"Early Morning* [V2]
(feat. D. Savage) (prod. Learic Spellman)
(Early Morning, 4G)","There were rumors that D. Savage was featured on ""Early Morning"" since he had used the beat multiple times before Carti. Additionally, Carti's version of the track remained mostly unfinished. A completed version of the song may be out there, but it was never officially released due to the beef between the two, and it's unlikely we'll ever hear it.",,,,Throwaway,Rumored,Not Available,,,Rumored Song
Playboi Carti,"LSD [V2]
(prod. Hit-Boy, Southside & Mike Will Made-It)",Shogani said that a finished version of LSD does exist.,,,,Throwaway,Confirmed,Not Available,,,Rumored Song
Playboi Carti,"Magnolia [V2]
(prod. Pi'erre Bourne)
(Milly Rock)","OG Filename: Carti Milly Rock
OG Filename shown by leakers. Likely a OG version of Magnolia.",,,,OG,Confirmed,Not Available,,,Rumored Song
Playboi Carti,"Magnolia [V3]
(prod. Pi'erre Bourne)
(Milly Rock)","OG Filename: Carti Pierre Milly Rock MM2
Said to exist from wokeupdreadful in Discord.",,,,,Confirmed,Not Available,,,Rumored Song
Playboi Carti,"Number 9 [V1]
(prod. J Stew)
(No.9)","OG Filename: Carti Number 9
Said to exist from wokeupdreadful in Discord.",,,,Unknown,Confirmed,Not Available,,,Rumored Song
Playboi Carti,"Red Bandana Santana [V2]
(prod. Polo Boy Shawty)",It has been said by Shogani that a version of Red Bandana Santana exists with a different beat.,,,,Throwaway,Rumored,Not Available,,,Rumored Song
Playboi Carti,"Squad [V2]
(prod. Chinatown)
(FIREARM)","OG Filename: Playboi Carti Squad open 2nd rough mix kk
Filename spotted on a computer of a leaker.",,,,Demo,Confirmed,Not Available,,,Rumored Song
Playboi Carti,"This Not Pop (Ciroc) [V1]
(prod. ?)","OG Version of supposedly Half & Half, but might be another song. Was includeded on an early Self Titled tl acording to Caskets.",,,,OG,Rumored,Not Available,,,Rumored Song
Playboi Carti,"wokeuplikethis [V4]
(feat. Lil Uzi Vert) (prod. Pi'erre Bourne)
(Like Me)","OG Filename: Carti Uzi Like Me - switched verses
File seen on leakers computer.",,,,OG,Confirmed,Not Available,,,Rumored Song
Playboi Carti,???,Unheard sold by Daffy. From 2017. Available only for pb.,,,,Unknown,Confirmed,Not Available,,,Rumored Song
Playboi Carti,"???
(feat. Lil Yachty)","An unheard song featuring Lil Yachty is confirmed to exist by Soul, it also has been confirmed that this song is neither the finished version of ‚ÄúCountin' Caskets‚Äù nor the fifth version of ‚ÄúYah‚Äù. Soul has said that Shogani currently owns this song. ",,,,Unknown,Confirmed,Not Available,https://imgur.com/a/AbxD4DE,imgur.com,Rumored Song
Playboi Carti,"Drake - Broke Boi (Remix)
(prod. MexikoDro)","Confirmed to exist by MexikoDro in an interview, said he hopped on the beat around 2017. Unknown if he made his own song on the beat, or if he just put himself on the song similar to One Day Remix.",,,,Remix,Confirmed,Not Available,,,Rumored Song
Die Lit,"Big Sticks [V2]
(feat. Future) (prod. Metro Boomin)
(King Tut)",Version of Big Sticks with Future. Was a track considered to be on Die Lit,,,,Unknown,Rumored,Not Available,,,Rumored Song
Die Lit,"Carti akai10 Paramount 1.2.18 idea*
(prod. Pi'erre Bourne)","OG Filename: Carti akai10 Paramount 1.2.18 idea
OG File seen on leaker's computer. Possibly featuring Uzi since it was recorded at Paramount studios on January 2nd, 2018 (which is also the same day Uzi was at Paramount Recording for Tsunami Island) one day before the 16*29 sessions.",,,"Jan 2, 2018",Unknown,Confirmed,Not Available,,,Rumored Song
Die Lit,"Check Please [V?] 
(prod. Playboi Carti & Pi'erre Bourne)","OG Filename: CHECK PLEASE
All that is known about this version is the filename.",,,,Throwaway,Confirmed,Not Available,,,Rumored Song
Die Lit,"Dog Food (Interlude)
(prod. Pi'erre Bourne)",Dog Food Interlude was considered for Die Lit at some point. Unknown differences from the interlude and the song.,,,,Unknown,Rumored,Not Available,,,Rumored Song
Die Lit,"Fashion Nova [V2]
(prod. Pi'erre Bourne)","OG Filename: Fashion Nova 12.12.17
Finished version of ""Fashion Nova"" with a second verse. Seen on a Die Lit tracklist from December 2017.",2:34,"Feb 27, 2025","Dec 12, 2017",Throwaway,Confirmed,Not Available,,,Rumored Song
Die Lit,Geek,Song unrelated to 'Luv With The Geek'. Unheard. Was a track considered for Die Lit,,,,,Rumored,Not Available,,,Rumored Song
Die Lit,"Home [V2]
(Home (KOD), KOD)","OG Filename: Home 12.12.17
Seen on a OG DL TL. More than likely an earlier version of 'Home (KOD)'",,,"Dec 12, 2017",Unknown,Confirmed,Not Available,,,Rumored Song
Die Lit,"Jean Jacket
(prod. Pi'erre Bourne)","OG Filename: Jean Jacket 6.6.17
Recorded during the same session as Alma Matter and Pull Up",,,"Jun 6, 2017",,Confirmed,Not Available,,,Rumored Song
Die Lit,"Kids [V3]
(prod. Pi'erre Bourne)","OG Filename: Kids 12.12.17
Later version of ""Kids"".",,,"Dec 12, 2017",Throwaway,Confirmed,Not Available,,,Rumored Song
Die Lit,"Last Year [V2]
(prod. ?)","OG Filename: Last Year 12.12.17
Found on a TL",,,"Dec 12, 2017",Throwaway,Confirmed,Not Available,,,Rumored Song
Die Lit,"ü•á Luv With The Geek [V5]
(prod. TM88 & Southside)
(Shawty In Luv)","A finished, release ready version of 'Shawty In Luv'. Info from the Carti Tracker discord. 2:45 long. According to a holder of the song it's extremely good and better then all versions of Shawty In Luv. Confirmed to be V5.",2:45,"Feb 12, 2025",,Unknown,Confirmed,Not Available,,,Rumored Song
Die Lit,"No Valet
(feat. RX PESO)",An Unheard song from the Die Lit sessions,,,,Throwaway,Confirmed,Not Available,,,Rumored Song
Die Lit,"Poke It Out [V1]
(prod. Pi'erre Bourne)","OG Filename: Carti S2 7.7.17
Solo version of Poke It Out with no Nicki Minaj feature and (presumably) a new verse. Found on a leaked Die Lit tracklist.",,,"Jul 7, 2017",OG,Confirmed,Not Available,,,Rumored Song
Die Lit,"R.I.P [V1]
(prod. Pi'erre Bourne)","Melvin (Carti Hub owner) claimed that they had previously been offered buys for 'OG versions of RIP'. It is unknown what would be different, however, it would likely be alternate verses.",,,,OG,Rumored,Not Available,,,Rumored Song
Die Lit,Seeing Colors                                                      ,Unheard song. Was a track considered to be on Die Lit,,,,,Rumored,Not Available,,,Rumored Song
Die Lit,"Toke [V?] 
(feat. G Herbo) (prod. Pi'erre Bourne)","OG Filename: Toke_Playboi Carti_G Herbo_VSOP 
Later version of Toke. Still features G Herbo.",,,2018,OG,Confirmed,Not Available,,,Rumored Song
Die Lit,"Toke [V2]
(prod. Pi'erre Bourne)
(Toke Shit)","OG Filename: Toke 12.12.17
Nothing is known about this version, except the filename.",,,"Dec 12, 2017",OG,Confirmed,Not Available,,,Rumored Song
Die Lit,"Top [V1]
(feat. Pi'erre Bourne) (prod. Pi'erre Bourne)","According to botmert, a version of Top with a Pi'erre Bourne was conisdered for Die Lit at some point.",,,,OG,Rumored,Not Available,,,Rumored Song
Die Lit,"Top [V4] 
(feat. Pi'erre Bourne) (prod. Pi'erre Bourne)","OG Filename: Top 12.12.17
Nothing is known about this version besides the filename.",,,"Dec 12, 2017",OG File,Confirmed,Not Available,,,Rumored Song
Die Lit,"???
(feat. Yung Lean) (prod. Whitearmor)
(All Of The Drugs)","Stated to exist by Yung Lean in a interview, he said that it went something like ""I wanna take all of the drugs, she want all of the drugs, yea yea, I want all of the drugs"" and that he doesn't really remember how his verse was but that the song was very good. Song was likely prod Whitearmor since he said that he flew him AND Whitearmor out to record.",,"May 5, 2025",2017,Unknown,Confirmed,Not Available,,,Rumored Song
Die Lit,"???
(feat. Young Sizzle) (prod. Southside)","OG Filename: Carti x Sizzle 12.12.17
Seen on an OG Die Lit TL. Confirmed to be unheard, not Back on The Act or Dolce & Gabbana.",,,"Dec 12, 2017",Unknown,Confirmed,Not Available,,,Rumored Song
Die Lit,???,"OG Filename: Playboi Carti Song 3
Unknown.",,,2018,Unknown,Confirmed,Not Available,,,Rumored Song
Die Lit,"NAV - Minute [V1]
(feat. Playboi Carti & Offset) (prod. Metro Boomin)",Presumed to exist since only the stems leaked.,,,,OG,Rumored,Not Available,,,Rumored Song
Die Lit,"Pi'erre Bourne - IG
(feat. Playboi Carti) (prod. Pi'erre Bourne)
(Instagram Hoes, Mario Kart, Soss Kart)","Early version of ""IG"" that was seemingly intended for Carti to feature on. It is unlikely he ever recorded a verse.",,"Feb 28, 2023",,OG,Rumored,Not Available,,,Rumored Song
Die Lit,"Pi'erre Bourne - Yo Pi'erre [V2]
(feat. Playboi Carti) (prod. Pi'erre Bourne)","OG Filename: Yo Pi'erre (Intro 10.12)
Filename for an older version of YO Pi'erre",,,"Oct 12, 2017",OG,Confirmed,Not Available,,,Rumored Song
Die Lit,"Southside - Ain't Doing That [V1]
(feat. Playboi Carti) (prod. Maxlord 808 Mafia)",Rumoured to exist since there is multiple versions.,,,,OG,Rumored,Not Available,,,Rumored Song
Die Lit,"Southside - Ain't Doing That [V2]
(feat. Playboi Carti) (prod. Maxlord 808 Mafia)",Rumoured to exist since there is multiple versions.,,,,OG,Rumored,Not Available,,,Rumored Song
Die Lit,"Southside - Ain't Doing That [V3]
(feat. Playboi Carti) (prod. Maxlord 808 Mafia)","OG Filename: Young Sizzle Ain't Doin That Updated Final 3
Filename revealed in the MV for the song in the Copyright section on Youtube and suggests that there is multiple versions of the song with changes.",,,,OG File,Confirmed,Not Available,,,Rumored Song
Die Lit,"ü•á [Unknown September 24, 2017 Session songs]
(prod. Pi'erre Bourne)","One of the songs recorded during this session is Track 3, also known as Get In. Pi'erre sent 50 beats to Carti on that day and Carti has recorded on 25 of them.",,,"Sep 24, 2017",Unknown,Confirmed,Not Available,,,Rumored Song
Die Lit,[Unknown Jack Harlow Collaborations],"Jack Harlow stated in an interview that when he was 19 and just starting out in the music industry, Carti used to come into his studio, meaning they likely recorded together. These collaborations would have to be from 2017 as he was 19 in 2017, so they're unrelated to any later collaborations they had in 2019",,,,Unknown,Confirmed,Not Available,,,Rumored Song
Die Lit,[Unknown Young Thug Collaborations],"It's very likely that Carti & Young Thug have made more tracks in the same session as ""Choppa Won't Miss"" and ""Ain't Rockin' Gold"", so there is a possibility of some unheard collaboration tracks between the two.",,,,Unknown,Rumored,Not Available,,,Rumored Song
16*29,"Benjamin Blues [V3]
(with Lil Uzi Vert) (prod. Pi'erre Bourne) 
(Big Bank, Meg Griff')","Found under youtube copyright, under the mispelled name ""Bejiman Blues"", if you try to upload Big Bank on youtube. Supposedly was going to release in Summer 2018. Potentionally just an alt mix of Big Bank",,,2018,Scrapped Release,Confirmed,Not Available,,,Rumored Song
16*29,"No Mercy* [V2]
(with Lil Uzi Vert) (prod. Pi'erre Bourne)
(My Division)",Possible version of No Mercy with a Carti verse over the open,,,,Throwaway,Rumored,Not Available,,,Rumored Song
16*29,"ü•á No Time [V1]
(with Lil Uzi Vert) (prod. ‚ÄãIneza Beats & Don Cannon)","King Bob mentioned one time that there is a version of ""No Time"" featuring Lil Uzi Vert instead of Gunna. Nothing else is known. The song was likely recorded during the January 16*29 sessions.",,,,OG,Rumored,Not Available,,,Rumored Song
16*29,"Texas [V2]
(with Lil Uzi Vert) (prod. Jake One & Southside)","If you try to upload 'Texas' on YouTube, you will get a copyright claim. But the copyright claim is under Lil Uzi Vert's name, instead of Carti's. This confirms the existence of a version with an Uzi feature.",,,,Throwaway,Confirmed,Not Available,,,Rumored Song
16*29,"???
(with Lil Uzi Vert) (prod. Pi'erre Bourne)","OG Filename: Carti x Uzi nye6 1.4.18
Throwaway from the 16*29 sessions. Filename leaked & is said to be owned by King Bob, it was likely produced by Pi'erre Bourne & is probably finished based off the session.",,,"Jan 4, 2018",Throwaway,Rumored,Not Available,,,Rumored Song
16*29,ü•á [Unknown 16*29 songs],"Multiple sessions happened between Playboi Carti & Lil Uzi Vert, for 16*29. Most notably, on November 19th 2017 and January 3rd & 4th 2018. There are likely songs from these sessions that we have not heard or are not aware of.",,,,Unknown,Rumored,Not Available,,,Rumored Song
Whole Lotta Red [V1],"A$AP Rocky - Buck Shots [V1]
(feat. Kelvin Krash, Playboi Carti & Smooky MarGielaa) (prod. Kelvin Krash)","Earlier version owned by Mod. Has one different line. It is currently unknown what line this is. Other than the line difference, the song is seemingly identical.",,,,Feature,Rumored,Not Available,,,Rumored Song
Whole Lotta Red [V1],"A$AP Rocky - Buck Shots [V2-V3]
(feat. Kelvin Krash, Playboi Carti & Smooky MarGielaa) (prod. Kelvin Krash)","In the original filename for the released version of ""Buck Shots"" below this entry ""V4"" can be seen meaning there are two other unheard versions of the song. It's unknown if these have differences or if they are just alternate mixes of the track.",,,,Feature,Confirmed,Not Available,,,Rumored Song
Whole Lotta Red [V1],"Mosh Pit [V2]
(feat. NGeeYL) (prod. Goose The Guru) 
(Die Like This)","NGeeYL posted on instagram that the leaked version wasn't the ""real version"", meaning there is likely a completed version of this song. ",3:06,,,Unknown,Confirmed,Not Available,,,Rumored Song
Whole Lotta Red [V1],"[Unknown May 28, 2018 Session Songs]","Judging by the Paramount filename, atleast 3 other songs were recorded in the same session that have yet to be heard. It's likely these other songs were also produced by DP Beats.",,,"May 28, 2018",Unknown,Rumored,Not Available,,,Rumored Song
Whole Lotta Red [V1],[Unknown NGeeYL Collaborations],"On July 19, 2018, NGeeYL tweeted ""Me & bra got summ else under our sleeves stay tuned"" alongside the other tweet confirming that he is on the album. They likely have more songs together that we haven't heard yet. ",,,,Unknown,Rumored,Not Available,,,Rumored Song
Whole Lotta Red [V1],King Tut,An unheard song featured on the Whole Lotta Red 2019 consideration tracklist.,,,2019,Throwaway,Rumored,Not Available,,,Rumored Song
Whole Lotta Red [V1],"Hellcat [V3]
(prod. Pi'erre Bourne)","If the ""fourth"" version of ""Hellcat"" is really the fourth, then a third version should exist.",,,2018,Demo,Confirmed,Not Available,,,Rumored Song
Whole Lotta Red [V1],"Hellcat [V5-V6]
(prod. Pi'erre Bourne)","It's rumoured that there's a total of seven versions - three leaked, one presumed to exist and the other three being unknown (excluding the rumored 8th version).",,,2018,Demo,Rumored,Not Available,,,Rumored Song
Whole Lotta Red [V1],"Reggie [V4]
(feat. Lil Bibby) (prod. Pi'erre Bourne)
(Fashion Killer, Choppa Go)","It has been said by Caskets that a version of ""Reggie"" with Lil Bibby exists.",,,2018,Throwaway,Rumored,Not Available,,,Rumored Song
Whole Lotta Red [V1],Upside Down*,"Unknown song that contains ""I just got my kills up"" and ""hanging upside down"" in the chorus. Mentioned in the Fader interview. Likely recorded in late 2018, because the interviewer said that this song is one of the last ones that carti played to him at the time. The Interview is from June 12, 2019",,,2018,Throwaway,Confirmed,Not Available,https://www.thefader.com/2019/06/12/playboi-carti-cover-story#::~:text=%E2%80%9CI%20got%20a%20whole%20%E2%80%98nother%20tape%20with%20this%20nigga%2C%E2%80%9D%20Carti%20says.%20%E2%80%9CThat%E2%80%99s%20why%20my%20head%E2%80%99s%20fucked%20up.%20This%20shit%20could%20go%20on%20my%20album%2C%20but%20if%20it%20goes%20on%20the%20album%2C%20then%20we%20gotta%20change%20the%20whole%20thing.%E2%80%9D,www.thefader.com,Rumored Song
Whole Lotta Red [V1],"x10 [V4]
(prod. Maaly Raw)","OG Filename: x10 (MAIN) (MIX2) SING MASTER
Release version of Neon with demumbled lyrics",1:56,,2019,OG,Rumored,Not Available,,,Rumored Song
Whole Lotta Red [V1],"???
(with Yung Lean)",A song from 2018 with Yung Lean is said to exist.,,,2018,Unknown,Rumored,Not Available,,,Rumored Song
Whole Lotta Red [V1],"??? 
(prod. KC Da Beatmonster) 
(My Partna Dem)",Remix of My Partna Dem by Rich Kidz. Made in the same session as Trenches.,,,,Remix,Confirmed,Not Available,,,Rumored Song
Whole Lotta Red [V1],"Reggie Mills - No Problem
(feat. Playboi Carti) (prod. Sick Luke)","Track 12 on The Italian Job, was set to release in 2021.
This song has been completely wiped from the internet.",,,2019,Feature,Confirmed,Not Available,,,Rumored Song
Whole Lotta Red [V1],[Unheard Remixes],"From the same session as Trenches, My Partna Dem by Rich Kidz remix.",,,,Throwaway,Confirmed,Not Available,,,Rumored Song
Whole Lotta Red [V1],[Unknown Lil Uzi Vert Collaborations],Several sessions between Carti and Uzi for V1 were said to take place in 2019 according to members of the community.,,,2019,Unknown,Rumored,Not Available,,,Rumored Song
Whole Lotta Red [V1],[Unknown Metro Boomin Collaborations],"It is mentioned in the interview the the journalist met up with Carti during a session where Roark Bailey was working on a song Carti and Metro started in LA, In between back-to-back weekends of Coachella performances, where he had been up for days recording in L.A. with Metro Boomin. Date is placeholder/date of Carti's coachcella setlist",,,"Apr 14, 2019",Unknown,Confirmed,Not Available,https://www.thefader.com/2019/06/12/playboi-carti-cover-story,www.thefader.com,Rumored Song
Whole Lotta Red [V1],[Unknown Richie Souf Collaborations],"Richie Souf said on Oct 28, 2018 that he recorded like 10 songs with Carti.",,,"Oct 28, 2018",Unknown,Confirmed,Not Available,https://twitter.com/richiesouf/status/1056508869579554816?t=W_5N0NmOgBRdC3gYWYgZPw,twitter.com,Rumored Song
Whole Lotta Red [V2],"@ MEH [V1] 
(prod. Neeko Baby, Deskhop & ‚Äãjetsonmade) 
(Hell)",@ MEH supposedly was originally recorded in December 2019.,2:32,,Dec 2019,OG,Confirmed,Not Available,,,Rumored Song
Whole Lotta Red [V2],"Hellcat [V8]
(prod. Pi'erre Bourne)","It is said by @countingcaskets that ""Hellcat"" was updated during later ""Whole Lotta Red"" sessions.",,,2019,Throwaway,Rumored,Not Available,,,Rumored Song
Whole Lotta Red [V2],"Pass It [V2]
(feat. Lil Uzi Vert) (prod. Brandon Finessin & Outtatown)",Second version of Pass It. Not much is known.,,,,Unknown,Confirmed,Not Available,,,Rumored Song
Whole Lotta Red [V2],Perky Gone Grab On Me [V1],"Song seen on a WLR Deluxe tracklist. Claimed by Soul to be beatgrail2 which was leaked in the Richie Grails zip on August 31st, 2023. However, it was later confirmed by members of the community to predate the beat. The beat is dated September 15th, 2019, so the song was likely recorded sometime in 2019.",,,,Unknown,Confirmed,Not Available,,,Rumored Song
Whole Lotta Red [V2],"u kan do it too. [V2]
(prod. Richie Souf & Art Dealer)
(U Can Do It Too, U Kan Get It)","OG Filename: u kan do it too. (CLEAN) (MIX2) SING MASTER
  Clean version, ready for release.",3:47,,,Alt Mix,Confirmed,Not Available,,,Rumored Song
Whole Lotta Red [V2],???,"Song was offered for 15k in Carti Hub, however, was not run for unknown reasons. Said to be unheard and 5 min in length",5:00,,,Unknown,Confirmed,Not Available,,,Rumored Song
Whole Lotta Red [V2],"Lil Keed - ???
(feat. Playboi Carti)","Unheard Lil Keed song featuring Carti meant for Keed's ""Trapped on Cleveland 3"" album. Not much else is known about this song.",,,,Throwaway,Rumored,Not Available,,,Rumored Song
Whole Lotta Red [V2],"Lil Uzi Vert - Again
(feat. Playboi Carti) (prod. Pi'erre Bourne)","Found on ASCAP registries in the summer of 2020. Rumored to be 'Coupe', but it isn't confirmed.",,,,Throwaway,Confirmed,Not Available,,,Rumored Song
Whole Lotta Red [V2],"Lil Uzi Vert - Sauce [V1]
(feat. Playboi Carti) (prod. Brandon Finessin & Lukrative)
(Sauce Real Hard)",Must exist as the leaked version has v2 in the filename. Unknown differences.,,,,OG,Confirmed,Not Available,,,Rumored Song
Whole Lotta Red [V2],[Unknown Jack Harlow Collaborations],"Picture of him & Carti during the early v2 sessions posted to Jacks Twitter in 2019, unknown if they recorded together",,,,Unknown,Rumored,Not Available,https://x.com/jackharlow/status/1144053729202724864,x.com,Rumored Song
Whole Lotta Red [V2],[Unknown Lil Uzi Vert Collaborations],"Playboi Carti and Lil Uzi Vert were often in sessions during 2019 and 2020, some of which have leaked but it is assumed that there is more. Contrary to popular belief, there was no rebirth of 16*29 during this time",,,,Unknown,Rumored,Not Available,,,Rumored Song
Whole Lotta Red [V2],[Unknown Yung Bans Collaborations],"Showed when someone previewed ""High As Us"" on his Instagram story, showed a different file with both Playboi Carti & Yung Bans, song was likely recorded in 2020 during the same studio session as ""High As Us"")",,,,Unknown,Rumored,Not Available,,,Rumored Song
Whole Lotta Red [V3],Hell N Bank,A song said to be called 'Hell N Bank' was described as the best song on 'interscope wlr' by King Bob,,,,OG,Rumored,Not Available,,,Rumored Song
Whole Lotta Red [V3],"ILoveUIHateU [V1]
(prod. Pi'erre Bourne)",ILoveUIHateU was recorded before November 2020. During the transition between V3 and V2 (June - July 2020),,"May 21, 2023",,OG,Confirmed,Not Available,,,Rumored Song
Whole Lotta Red [V3],"Slay3r [V1]
(prod. Roark Bailey, Jubilee)",Slay3r was recorded before November 2020. Recored in Mean St Studios mixed with Generation Now which share the same studio.,,,,OG,Rumored,Not Available,,,Rumored Song
Whole Lotta Red [V3],"U Kan Get It [V2]
(prod. Richie Souf)
(Tryna Get Down)",Possible revisions and reworks. ,3:35,,,Unknown,Rumored,Not Available,,,Rumored Song
Whole Lotta Red [V3],"U Kan Do It Too [V3]
(prod. Richie Souf & Art Dealer)","Possible revisions, reworks and mixing differences. The song was renamed to ""U Kan Do It"" on a set of songs ready for release",3:47,,,Unknown,Confirmed,Not Available,,,Rumored Song
Whole Lotta Red [V4],"F33l Lik3 Dyin [V1]
(feat. Kanye West) (prod. Richie Souf & Roark Bailey)",Supposedly Kanye recorded a verse for this song.,,,,Unknown,Rumored,Not Available,,,Rumored Song
Whole Lotta Red [V4],"Go2DaMoon [V5]
(ref. CyHi The Prynce) (prod. Wheezy)
(Bipolar)","OG Filename: Go 2 Moon - 12.20.20 Ye x Carti x Wheezy_temp for CyHi 2
A version of ""Go2DaMoon"" is said to exist where CyHi does a reference and changes some lines. This was recorded the same day as ""Off The Grid"" was.",,,"Dec 20, 2020",Ref Track,Rumored,Not Available,,,Rumored Song
Whole Lotta Red [V4],"Go2DaMoon [V8]
(feat. Ye) (prod. Wheezy)
(Bipolar)",A version with the Wheezy tag is said to exist by Wheezy via an Instagram post.,,,,OG,Confirmed,Not Available,,,Rumored Song
Whole Lotta Red [V4],"Go2DaMoon [V9]
(feat. Ye) (prod. Wheezy)
(Bipolar)","OG Filename: Go2Moon (MIX2)
A filename seen in the WLR file list.",,,,OG,Confirmed,Not Available,,,Rumored Song
Whole Lotta Red [V4],"Stop Breathing [V2]
(prod. F1LTHY, Lukrative & ‚Äãssort)","Presumably an alt version of Stop Breathing due to the filename of Stop Breathing explicitly saying ""Shirt Off (V1)"" in the og name WLR tracklist.",,,,OG File,Rumored,Not Available,,,Rumored Song
Whole Lotta Red [V4],"The Weeknd - Popular
(feat. Playboi Carti) (prod. Metro Boomin, The Weeknd & MIKE DEAN)","Original version of ""Popular"", recorded in 2020 likely with no Madonna and more Playboi Carti vocals that were cut for release. Seemingly was also placed on an early 'Heroes & Villains' tracklist.",,,,Feature,Confirmed,Not Available,,,Rumored Song
Whole Lotta Red [V4],"[Unknown Dec 25, 2020 Session songs]
(prod. F1LTHY)",F1LTHY stated that Carti was still recording songs on the release day of Whole Lotta Red.,,"Dec 13, 2025","Dec 25, 2020",Unknown,Confirmed,Not Available,https://x.com/F1LTHYwakeup/status/1999816512224276535,x.com,Rumored Song
Whole Lotta Red (Deluxe),".Period
(prod. Lil 88, star boy & Outtatown)",Unheard song seen on a list of cleared tracks to swap / put on a deluxe for WLR.,,,,Unknown,Confirmed,Not Available,,,Rumored Song
Whole Lotta Red (Deluxe),"* i promise you ! [V3]
(prod. 16yrold)
(Red on Red)",Seen on a WLR Deluxe tl.,3:01,,2021,Unknown,Confirmed,Not Available,,,Rumored Song
Whole Lotta Red (Deluxe),"2MANY [V2]
(prod. Richie Souf)
(Taking My Swag)",Song seen on a WLR Deluxe tl.,,,,Throwaway,Confirmed,Not Available,,,Rumored Song
Whole Lotta Red (Deluxe),"Asthma [V2]
(prod. Pi'erre Bourne)
(Goku, R.I.P Fredo II)",Song seen on a WLR Deluxe tl. Was up for groupbuy at one point.,,,2021,Alt Mix,Confirmed,Not Available,,,Rumored Song
Whole Lotta Red (Deluxe),"Buffie The Body [V4]
(prod. Roark Bailey) 
(Buffy The Body, BUFF THE BODY)",Song seen on a WLR Deluxe tl.,3:27,,,Throwaway,Confirmed,Not Available,,,Rumored Song
Whole Lotta Red (Deluxe),"Cartier Pinkstones [V2]
(prod. Richie Souf)
(Not For Me, Way Too Much Cash)",Song seen on WLR Deluxe tl. ,,,,Throwaway,Confirmed,Not Available,,,Rumored Song
Whole Lotta Red (Deluxe),"Gwapanese
(Guapanese)",Mentioned by Von (vonsince1k) on Twitter after Carti posted the deluxe announcement.,,"Dec 26, 2020",,Unknown,Rumored,Not Available,,,Rumored Song
Whole Lotta Red (Deluxe),"Headshot [V2]
(prod. Richie Souf)
(Heads Off)",Song seen on a WLR Deluxe tl.,,,,Throwaway,Confirmed,Not Available,,,Rumored Song
Whole Lotta Red (Deluxe),"In The Safe
(prod. Lil 88, Outtatown & star boy)",Song seen on a WLR Deluxe tl.,,,,Unknown,Confirmed,Not Available,,,Rumored Song
Whole Lotta Red (Deluxe),Ion Trust,Song seen on a WLR Deluxe tl.,,,,Unknown,Confirmed,Not Available,,,Rumored Song
Whole Lotta Red (Deluxe),"M.A.D. [V4]
(prod. jetsonmade & star boy)
(MAD, Money N Drugs)","Seen on WLR Deluxe tl, so most likely has been worked on during this time.",,,,Throwaway,Confirmed,Not Available,,,Rumored Song
Whole Lotta Red (Deluxe),Perky Gone Grab On Me [V2],Possible later version updated for the WLR deluxe.,,,,Unknown,Rumored,Not Available,,,Rumored Song
Whole Lotta Red (Deluxe),Victory,Song seen on a WLR Deluxe tl.,,,,Unknown,Rumored,Not Available,,,Rumored Song
Whole Lotta Red (Deluxe),What You Talking Bout,"Song seen on a WLR Deluxe tl.
Contrary to popular belief, label docs confirm its not i promise u.",,,,Unknown,Rumored,Not Available,,,Rumored Song
Narcissist,"My Cup [V2]
(prod. Richie Souf)","My Cup file was exported in 2021, it's possible that the song was being reworked for NARCISSIST.",3:20,,,Unknown,Rumored,Not Available,,,Rumored Song
Narcissist,"Drake - What's Next
(feat. Playboi Carti & Baby Keem) (prod. Maneesh & Supah Mario)","In May 2021, Baby Keem would mention in an interview with The Rap Pack that he was supposed to appear on Whats Next, along with Playboi Carti, but plans didn't work out and the song would release with just Drake. Drake would play What's Next featuring Keem on his ""42"" radio station on September 4, 2021 during his feud with Ye. It is unknown if Carti actually recorded.",,,,Feature,Rumored,Not Available,,,Rumored Song
Narcissist,"Ken Carson - Hella [V1]
(feat. Playboi Carti) (prod. star boy & Outtatown)",It has been stated that Carti was supposed to be on Hella but Carti didn't like his verse so he took it off the song. ,,,,OG,Rumored,Not Available,https://twitter.com/fooliewitit/status/1579593189279010818?t=G0qMw9Ig94SnGBHVj3OofA&s=19,twitter.com,Rumored Song
Narcissist,"Ken Carson - Shake [V1]
(feat. Playboi Carti) (prod. star boy & Outtatown)","Mentioned by multiple insiders and trusted people in Carti Hub, backed up by people in CTH. Ken had sent Carti the open verse, it's unknown if he recorded",,,,OG,Rumored,Not Available,,,Rumored Song
Narcissist,"Kevin Abstract - SEVEN DAYS A WEEK 
(feat. Playboi Carti)","Kevin Abstract's scrapped 2021 album was supposed to feature a song with Carti titled ""SEVEN DAYS A WEEK"".The tracklist of the project leaked in 2023",,,,Feature,Rumored,Not Available,,,Rumored Song
Narcissist,"Lil Uzi Vert - Ballistic [V2]
(feat. Playboi Carti)",Later version with Carti featuring over the open verse. Unknown if Carti really recorded though.,2:26,,2021,Feature,Rumored,Not Available,,,Rumored Song
Narcissist,"Lil Uzi Vert - Remember My Name [V2]
(ref. Playboi Carti) (prod. Brandon Finessin' & Pillenn2k)
(No Brain)","Solo Carti, rumoured to exist.",,,2021,Ref Track,Rumored,Not Available,,,Rumored Song
Narcissist,"Mura Masa - bbycakes [V2]
(feat. Playboi Carti, PinkPantheress & Shygirl) (prod. Mura Masa)","Playboi Carti has been said to been featured on an early version of ""bbycakes"". It is unknown why his verse was taken off and replaced with Lil Uzi Vert. Revealed to be true by MexikoDro in a deleted tweet.",,"Jan 24, 2023",,Feature,Confirmed,Not Available,"https://twitter.com/Mexikodro/status/1617638593362817024?cxt=HHwWgMDTxdzugPMsAAAA
https://imgur.com/a/SHkwrIt",twitter.com,Rumored Song
Narcissist,[Unknown 5unna Collaborations],"Homixide Gang have stated that Carti has been in the studio with R5 Homixide, 5unna, Problem Child, and themselves.",,,,Unknown,Rumored,Not Available,,,Rumored Song
Narcissist,[Unknown D. Hill Collaborations],Carti has many songs from 2021 (Narcissist and WLR Deluxe) produced by D. Hill that have never been heard before.,,,,Unknown,Confirmed,Not Available,,,Rumored Song
Narcissist,[Unknown Destroy Lonely Collaborations],"Confirmed by Destroy Lonely in an interview with Rolling Stone. ‚ÄúThen I saw him a couple of days after and we were in the studio and made at least 20 songs. So after that, it was up.‚Äù",,,,Unknown,Confirmed,Not Available,,,Rumored Song
Narcissist,[Unknown Drake Collaborations],"Supah Mario confirmed they were working on some 'shit'. ‚ÄúIt was like a Carti style beat and I knew Drake was working on shit with Carti,‚Äù he explained. ‚ÄúI sent it to him and luckily, he hit me back and was like, Yo I wanna fuck with this""",,,,Unknown,Confirmed,Not Available,,,Rumored Song
Narcissist,[Unknown Homixide Gang Collaborations],"Homixide Gang have stated that Carti has been in the studio with R5 Homixide, 5unna, Problem Child, and themselves. This suggests that there may be unreleased songs featuring these artists or additional collaborations with Carti.",,,,Unknown,Rumored,Not Available,,,Rumored Song
Narcissist,[Unknown Lancey Foux Collaborations],Lancey has been said to have recorded for Narcissist.,,,,Unknown,Confirmed,Not Available,,,Rumored Song
Narcissist,[Unknown Pi'erre Bourne Collaborations],"Both Pi'erre and Carti fans were upset with Pi'erre because ""The Life of Pi'erre 5"" only had one Carti feature, which had already leaked. Pi'erre later confirmed on Twitter that a deluxe version of TLOP5 was on the way, featuring more songs with Carti. However, no release date was ever given, and the deluxe edition was never mentioned again (Pi'erre even deleted the tweets of the deluxe announcement).",,,,Unknown,Confirmed,Not Available,,,Rumored Song
Narcissist,[Unknown Problem Child Collaborations],"Homixide Gang (Meechie & Beno) have stated that Carti has been in the studio with R5 Homixide, 5unna, Problem Child, and themselves. This suggests that there may be unreleased songs featuring these artists or additional collaborations with Carti.",,,,Unknown,Rumored,Not Available,,,Rumored Song
Narcissist,[Unknown R5 Homixide Collaborations],"Homixide Gang (Meechie & Beno) have stated that Carti has been in the studio with R5 Homixide, 5unna, Problem Child, and themselves. This suggests that there may be unreleased songs featuring these artists or additional collaborations with Carti.",,,,Unknown,Rumored,Not Available,,,Rumored Song
Narcissist,[Unknown Rosal√≠a Collaborations],"Carti and Rosal√≠a were spotted together back in 2021 leaving a restaurant, presumably on a date. However, there has been no confirmation or hint of a music collaboration between the two.",,,,Unknown,Rumored,Not Available,,,Rumored Song
Narcissist,[Unknown Ye Collaborations],"Playboi Carti was present during the Green Tiles sessions, and according to a trusted source, recorded 4 songs with Ye at the time. We are only aware of ""Junya"", which likely came from these sessions.",,,,Unknown,Rumored,Not Available,,,Rumored Song
Narcissist,[Unknown Yeat Collaborations],"Not confirmed, but it is rumored Playboi Carti reached out to Yeat to collab back in late 2021.",,,,Unknown,Questionable,Not Available,,,Rumored Song
Narcissist,"Ye - Junya (Remix)
(feat. Playboi Carti) (prod. Dr. Dre)
(Godspeed, Junya Watanabe)","OG Filename: Junya DRE WIP MASTER JOY CHOP
Filename shown by waterfalls. Unknown how different it is to the version below.",,,"Mar 3, 2023",Remix,Confirmed,Not Available,,,Rumored Song
Narcissist,"Ye - Made It [V5]
(feat. Playboi Carti) (prod. Ojivolta)
[Unfinished]","OG Filename: Carti Oji Open
Open verse version, with only the Playboi Carti vocals. Was sent by waterfalls to Lancey Foux to record for.",,"Sep 11, 2023","Dec 23, 2020",Demo,Confirmed,Not Available,,,Rumored Song
Narcissist,"Ye - Made It [V7]
(feat. Playboi Carti & Justin Austin) (prod. Ojivolta & Digital Nas)","A Digital Nas version of 'Made It' is said to exist, any other information is unknown.",,,,Demo,Rumored,Not Available,,,Rumored Song
Narcissist,"Ye - Made It [V8]
(feat. Playboi Carti & Justin Austin) (prod. Ojivolta)","OG Filename: Made It - 21.05.25 Shorten
A late May version of ""Made It"" is said to exist.",,,"May 25, 2021",Demo,Rumored,Not Available,,,Rumored Song
Narcissist,"Ye - Made It [V9]
(feat. Playboi Carti, Justin Austin & ???) (prod. Ojivolta, Ye & E*vax)","A song that was made in December 2020 that was reworked in June 2021, advertised as having 2 features, one being Playboi Carti and another, a member of the Wu-Tang Clan. Ye's part is still mumble throughout 2021 and contains a 40 second Carti verse described to be like ""F33l Lik3 Dyin 2"". A snippet of a fake version leaked with Lancey Foux.",,,,Feature,Rumored,Not Available,,,Rumored Song
Narcissist,"Ye - Off The Grid [V15]
(feat. Playboi Carti) (prod. 30 Roc)","Version of ""Off The Grid"" with the fully uncensored Playboi Carti verse, said to exist by Waterfalls. It's unknown what else is on this version.",,,,,Rumored,Not Available,,,Rumored Song
Narcissist,"Ye - Off The Grid [V36-V37]
(feat. Playboi Carti, Fivio Foreign & Justin Austin) (prod. 30 Roc, AyoAA & Ojivolta)","Versions of ""Off The Grid"" proven by file names of other versions.",,,,Alt Mix,Confirmed,Not Available,,,Rumored Song
MUSIC [V1],"FIRST ANGEL
(prod. F1LTHY, Glasear & Mochilla)",A beat teased by Playboi Carti on his instagram story. It is unclear whether or not carti recorded on it.,,"Dec 25, 2022",,Unknown,Confirmed,Not Available,https://imgur.com/a/go6em5h,imgur.com,Rumored Song
MUSIC [V1],"FOMDJ [V1]
(prod. F1LTHY, Lukrative & Lucian)
(FUCK ON MY DJ)","Said by King Bob to have been finished in early 2023, prior to the MV being made and leaked version",,,2023,OG,Confirmed,Not Available,https://x.com/kingbob1629/status/1981939057681895934,x.com,Rumored Song
MUSIC [V1],"FUCK CUPID
(prod. ???)","A song mentioned by King Bob on X. Era is unknown, but likely early MUSIC. Mentioned alongside 'WAR'.",,"Nov 10, 2025",,Throwaway,Rumored,Not Available,https://x.com/kingbob1629/status/1998656345042510320,x.com,Rumored Song
MUSIC [V1],NIGHT*,One of the songs Carti teased on his Instagram story. ,,,,Unknown,Confirmed,Not Available,,,Rumored Song
MUSIC [V1],"PRESENTATION
(prod. F1LTHY & Glasear)",A beat teased by Playboi Carti on his instagram story. It is unclear whether or not carti recorded on it.,,"Dec 25, 2022",,Unknown,Confirmed,Not Available,https://imgur.com/a/go6em5h,imgur.com,Rumored Song
MUSIC [V1],"ROCKER*
(prod. Digital Nas)","On January 9th, 2023 producer Digital Nas would post a screenshot on his IG story of Carti asking him for 'ROCKER' sounding beats, which could indicate that Carti might have recorded on the same beat.",,"Jan 9, 2023",,Unknown,Confirmed,Not Available,https://imgur.com/a/oSud49G,imgur.com,Rumored Song
MUSIC [V1],"WAR
(prod. ???)","A song mentioned by King Bob on X. Era is unknown, but likely early MUSIC. Mentioned alongside 'FUCK CUPID'.",,"Nov 10, 2025",,Throwaway,Rumored,Not Available,https://x.com/kingbob1629/status/1998656345042510320,x.com,Rumored Song
MUSIC [V1],"WORRIED
(prod. ???)","A song mentioned by King Bob on X with the following lyrics:
""Hold up I got a lot tho, I got a thot hoe, she like to pop coke, I feel like Pac hoe, check out the tahoe, I'm swerving potholes""",,"Nov 15, 2025",,Throwaway,Rumored,Not Available,https://x.com/kingbob1629/status/1989537793240977660,x.com,Rumored Song
MUSIC [V1],"???
(prod. Pi'erre Bourne, ???)","Raahim claims there is an early 2022 tracklist song, marketing it has ""the best carti song of all time"". Produced by Pi'erre Bourne with another unnamed producer.",,"Nov 25, 2025",2022,Unknown,Confirmed,Not Available,,,Rumored Song
MUSIC [V1],"???
(prod. Roark Bailey)","OG Filename: pbc roark 2.20.22
File name previewed by Soul on X.",,"Sep 3, 2025","Feb 20, 2022",Unknown,Rumored,Not Available,,,Rumored Song
MUSIC [V1],"???
(Blueroom #1)","OG Filename: 1.4.23 Blueroom #1
A song teased by King Bob on Twitter alongside ROAE (Money) and Blueroom #2.",,,"Jan 4, 2023",Unknown,Rumored,Not Available,,,Rumored Song
MUSIC [V1],"???
(Blueroom #2)","OG Filename: 1.4.23 Blueroom #2
A song teased by King Bob on Twitter alongside ROAE (Money) and Blueroom #1",,,"Jan 4, 2023",Unknown,Rumored,Not Available,,,Rumored Song
MUSIC [V1],[Unknown Digital Nas Collaborations],"On January 9th, 2023 Digital Nas shared his dms with Carti on his IG story. Carti was asking Nas to send him beats, and there was 100+ beats sent. If Carti hopped on any of those beats is unknown. Coincidentally on the same day Carti would get arrested.",,,,Unknown,Confirmed,Not Available,,,Rumored Song
MUSIC [V1],[Unknown DJ Scheme Collaborations],"Carti had worked with DJ Scheme in 2022 and the pair have multiple collaborations. Scheme would tweet that he and Carti were in the studio when Carti was using his ""deep voice"".",,,,Unknown,Confirmed,Not Available,https://twitter.com/DJSCHEME_/status/1684831500020129792,twitter.com,Rumored Song
MUSIC [V1],[Unknown Ethereal Collaborations],Carti and Ethereal are known to have linked up as recently as 2022 as discussed by Ethereal himself on Twitter. Unknown if it is production or a full collaboration.,,,,Unknown,Confirmed,Not Available,,,Rumored Song
004KT,"Brand New [V1]
(prod. BNYX & HK)","A V1 should exist, due to the filename for Brand New having V2 in it.",,,,Unknown,Confirmed,Not Available,,,Rumored Song
004KT,ü•á [Multiple Unheard 004KT songs],Multiple songs from the 004KT vault have been privately bought.,,,,Unknown,Confirmed,Not Available,,,Rumored Song
004KT,"[Unknown Lilkdubb Collaborations]
(prod. Lilkdubb)",Lilkdubb asked for loops and teased collaborations around the time 004KT was announced.,,,,Unknown,Rumored,Not Available,https://imgur.com/a/RUvvHeg,imgur.com,Rumored Song
004KT,"[Unknown Rock Peace Collaborations]
(prod. Rock Peace)",Rock Peace asked for loops and flips around the time 004KT was announced.,,,,Unknown,Rumored,Not Available,,,Rumored Song
MUSIC [V2],"Found
(Location pt. 2)","A ""part 2"" of the 2017 track 'Location' on the same beat, supposedly using Carti's baby voice. Mentioned by King Bob on X, but claimed by Soul (notorious larper) to be AI later on.",,"Oct 19, 2025",2023,Unknown,Rumored,Not Available,,,Rumored Song
MUSIC [V2],"PERKYS
(prod. Dun Deal)","Song discovered on ASCAP on July 1, 2023. Dun Deal claimed the track would be releasing soon (song never released).",,"Jul 1, 2023",,Scrapped Release,Confirmed,Not Available,,,Rumored Song
MUSIC [V2],"PHANTOM
(prod. KP Beatz)","Song from an August 2023 tracklist mentioned by King Bob.
Said to be the #1 unheard by rpc",,"Oct 20, 2025",,Unknown,Rumored,Not Available,,,Rumored Song
MUSIC [V2],"READY OR NOT [V2]
(prod. F1LTHY, Glasear)
(SLIDE IN, K-9)","Solo carti version of K-9, listed as the intro to MUSIC under the name 'Ready or Not' in 2023. Confirmed to exist via Pop. Cartis part is said to have been produced by F1LTHY in the 2023 cave sessions.",,"Nov 11, 2025",2023,Throwaway,Confirmed,Not Available,"https://x.com/kingbob1629/status/1988284280309772669
https://x.com/popalr_/status/1992292345803382920",x.com,Rumored Song
MUSIC [V2],ROAE (Money) ,"OG Filename : ROAE (Money) Final F.O Mix BROOMC (Sampl...
Teased by OpiumBabi and King Bob alongside Blueroom #1 and Blueroom #2. ",,,,Unknown,Confirmed,Not Available,,,Rumored Song
MUSIC [V2],TOMFORD,Song from an August 2023 tracklist mentioned by King Bob.,,"Oct 20, 2025",,Unknown,Rumored,Not Available,,,Rumored Song
MUSIC [V2],"WE NOT ‚â†
(feat. Future)
(WE NOT EQUAL, WE NOT =)
[Song 2]","Unrelated to the solo, leaked song of the same name. Seen on a July 2023 tracklist with a feature from Future.",,,,Scrapped Release,Rumored,Not Available,,,Rumored Song
MUSIC [V2],???,"RPC stated an 'industrial type song' was originally gonna be the replacement song for 'MEET YO MAKER', however, the comm kept begging for melodic stuff which is why we got 'FAKE LOVE' instead.",,,2023,Unknown,Confirmed,Not Available,,,Rumored Song
MUSIC [V2],"Drake - K-9 [V1]
(prod. Keanu Beats, Ojivolta, DJH & 99Hurts)
(SLIDE IN, K9)","Was a solo Drake song, then was combined with a solo Carti song, confirmed via Pop.",,"Nov 22, 2025",,Unknown,Confirmed,Not Available,"https://x.com/kingbob1629/status/1988284280309772669 
https://x.com/popalr_/status/1992292345803382920",x.com,Rumored Song
MUSIC [V2],[Unknown Cave Sessions Songs],"In the summer of 2023, Playboi Carti recorded music in a cave in France. These sessions reportedly had heavy involvement with Pi'erre Bourne. alongside this, POP OUT and DOCTOR would come out these sessions with a very experimental industrial type of sound, so likely there is industrial experimental sounding songs recorded there.",,,2023,Unknown,Confirmed,Not Available,,,Rumored Song
MUSIC [V2],[Unknown Experimental Songs],"According to staff, Carti recorded a whole session of songs similar to Meet Your Maker.",,,,Unknown,Rumored,Not Available,,,Rumored Song
MUSIC [V2],[Unknown Slayer Remixes and Samples],Carti has been confrmed to sample and remix Slayer in 2023 by trusted sources.,,,,Unknown,Rumored,Not Available,,,Rumored Song
MUSIC [V2],[Unknown Lil Uzi Vert Collaborations],"It's been said that more collaborations between Carti & Uzi exist from 2022 & 2023. Uzi also said on Adin Ross's stream that 'from 2020 to 2022 him and Carti had recorded over 40 songs' and that they recorded several songs in New York in 2022, and Carti was sent multiple songs in June 2023 to record over after he requested that ""Pass It"" be taken off the album. ",,,,Unknown,Rumored,Not Available,,,Rumored Song
MUSIC [V3],"555 [V2]
(feat. SahBabii) (prod. F1LTHY)
(HOMICIDE55555)","According to RPC, SahBabii was featured on HOMICIDE55555.",,,2023,Unknown,Rumored,Not Available,,,Rumored Song
MUSIC [V3],"COUPE
(prod. CardoGotWings)","OG Filename: pbc 10-26-23 / coupe cardo 
All that is known about this song is the filename. Unrelated to the Whole Lotta Red song with the same name.",,,"Oct 26, 2023",Unknown,Rumored,Not Available,,,Rumored Song
MUSIC [V3],"LIKE WEEZY (Remix)
(feat. Justin Bieber) (prod. Kelvin Krash & Ojivolta)
(Buddha Man)","According to dondasplace on Twitter, Playboi Carti and Justin Bieber allegedly have a ‚ÄúLIKE WEEZY‚Äù remix. This could also be the track DJ Akademiks was referring to when he said Carti played him a song with Justin Bieber.",,,,Remix,Rumored,Not Available,https://www.reddit.com/r/playboicarti/comments/1lq04sk/justin_bieber_like_weezy_remix/,www.reddit.com,Rumored Song
MUSIC [V3],"MELROSE [V?]
(Prod. TheLabCook & OjiVolta)
(Codeine)","A later version of MELROSE with only Carti on it that was supposedly taken off MUSIC last minute, said to exist by various members of the community. However, others have came out and said this is untrue.",,,,Scrapped Release,Conflicting Sources,Not Available,,,Rumored Song
MUSIC [V3],"ORIGINAL SOUND
(feat. Lil Uzi Vert) (prod. Chinatown)",Found on ASCAP registries. Made in 2023 and is likely finished.,,,2023,Unknown,Confirmed,Not Available,https://www.ascap.com/repertory#/ace/search/title/ORIGINAL%20SOUND/performer/PLAYBOI%20CARTI?at=false&searchFilter=SVW&page=1,www.ascap.com,Rumored Song
MUSIC [V3],"RING THE ALARM
(Ray J)",Potential song name posted alongside the Chainsaw MV.,,2024,,Unknown,Rumored,Not Available,,,Rumored Song
MUSIC [V3],"TWIN TRIM [V1]
(prod. KP Beatz & Rok)","Song from the 2023 Carti x Uzi sessions. Remastered alongside ""JUMPIN"" around late 2023 - early 2024 for MUSIC.",,,2023,OG,Confirmed,Not Available,,,Rumored Song
MUSIC [V3],"Untitled 1
(feat. Travis Scott) (prod. ?)","OG Filename: Playboi Carti ft. Travis Scott - Untitled 1 (2023)
Filename revealed January 1, 2024. This track or along with ""Untitled 2"" could just be the filename for ""BACKR00MS"", the filename for an updated version of ""PROBLEM CHILD / 00CACTUS"", ""WAKE UP"", ""PHILLY""  or the other unknown tracks mentioned in a info dump.",,,2023,Unknown,Confirmed,Not Available,,,Rumored Song
MUSIC [V3],"Untitled 2
(feat. Travis Scott) (prod. ?)","OG Filename: Playboi Carti ft. Travis Scott - Untitled 2 (2023)
Filename revealed January 1, 2024.",,,2023,Unknown,Confirmed,Not Available,,,Rumored Song
MUSIC [V3],"WE NEED ALL DA VIBES [V2]
(with Young Thug, Gunna, Ye & Ty Dolla $ign) (prod. Wheezy)
(Vibing)","According to Ye himself in an Akademiks interview, he was supposed to be on this song. This happened during the sessions for ""Wheels Fall Off"" when Carti first got Ty on the track. It was not confirmed if he recorded for it, or was just supposed to.",,,,OG,Confirmed,Not Available,,,Rumored Song
MUSIC [V3],"WHERE WAS YOU [V1]
(feat. Travis Scott) (prod. F1LTHY & Glasear)","OG Filename: WHERE WASS YOU
Seen on Travis Scott's iCloud Files. Differences unknown. Most likely a version with an open verse instead of a Future verse due to Future recording his verse on May 26, 2025 when he was with Travis in Monaco (according to Zonaman)",,,"Dec 31, 2023",Unknown,Confirmed,Not Available,,,Rumored Song
MUSIC [V3],"???
(feat. WestsideGunn)
(TMAMS, Time Might Always Move Slow)","A song rumored to be promoted on Carti's IG. Confirmed by a person confirmed to have connections, unforgetable024. On the song Carti talks about his struggles.",,,,Unknown,Questionable,Not Available,,,Rumored Song
MUSIC [V3],"???
(prod. Ye & Wondagurl)","A song rumored to be promoted on Carti's IG. Confirmed by a person confirmed to have connections (which are still questionable), unforgetable024. On the song Carti talks about his struggles, it has been recorded in 2024.",,,,Unknown,Questionable,Not Available,,,Rumored Song
MUSIC [V3],???,"OG Filename: pbc 12-10-23
Recorded in the same session as 2024.",,"Dec 15, 2023","Dec 10, 2023",Unknown,Confirmed,Not Available,,,Rumored Song
MUSIC [V3],???,"Unheard song, being sold for 8k. From 2024",,,,Unknown,Rumored,Not Available,,,Rumored Song
MUSIC [V3],???,"Carti has been said to sample deftones before. Unknown era, but likely after signing Lone and likely prod. Clayco.",,,,Unknown,Rumored,Not Available,https://twitter.com/isseyboy/status/1655708183355174912,twitter.com,Rumored Song
MUSIC [V3],???,"Unheard November 2023 song, meant to be bought via a GB. The buy was cancelled due to the seller backing out, and the buy server constantly getting clapped. Features the same voice as on 'DIFFERENT DAY'.",,"Oct 9, 2025","Nov, 2023",Unknown,Confirmed,Not Available,,,Rumored Song
MUSIC [V3],"Homixide Gang - Chopshop [V1]
(feat. Playboi Carti) (prod. DJ Moon, Cade & RAFMADE)",OG version of Chopshop didn't have a deep voice and sounded different according to 42CEO.,,,,OG,Rumored,Not Available,,,Rumored Song
MUSIC [V3],"MC Lan - ???
(feat. Playboi Carti)","MC Lan (a very popular brazillian singer with close ties to Ye and Oji) said that Carti is featured on his upcoming album dropping in May 2024, and that he has produced for Cartis new album.",,"Apr 24, 2024",,Feature,Rumored,Not Available,,,Rumored Song
MUSIC [V3],"Skaiwater - ???
(feat. Playboi Carti)","Carti was seen in studio with Skai and Ken Carson via leaked footage. After the footage leaked Skai said ""y'all just fucked that up btw"", implying, that they did record something, further confirmed in an interview he did.",,,,Feature,Rumored,Not Available,,,Rumored Song
MUSIC [V3],Travis Scott - 000*,"OG Filename: 000
Filename seen on Travis Scott's iCloud Files. Likely recorded with Carti due to its date.",,,"Dec 31, 2023",Unknown,Confirmed,Not Available,,,Rumored Song
MUSIC [V3],[Unknown A$AP Nast Collaborations],A$AP Nast is said to have recorded a feature for MUSIC.,,,,Unknown,Rumored,Not Available,,,Rumored Song
MUSIC [V3],[Unknown A$AP Rocky Collaborations],A$AP Rocky is said to have recorded a feature for MUSIC / I AM MUSIC,,,,Unknown,Rumored,Not Available,,,Rumored Song
MUSIC [V3],[Unknown Digital Nas Collaborations],"Ye and Carti said that they need Digital Nas, so likely either they already recorded togheter or are planning on it",,,,Unknown,Rumored,Not Available,,,Rumored Song
MUSIC [V3],[Unknown DJ Khaled Collaborations],"Two sources confirmed, that he was going to be present twice in the album. Obviously, they might've been referring to an older version of it, and were just teasing about it.",,,,Unknown,Rumored,Not Available,,,Rumored Song
MUSIC [V3],[Unknown Drake Collaborations],Playboi Carti has collaborated with Drake as recently as November 2023.,,,,Unknown,Rumored,Not Available,,,Rumored Song
MUSIC [V3],[Unknown Future Collaborations],Future is said to have recorded a feature for MUSIC / I AM MUSIC,,,,Unknown,Rumored,Not Available,,,Rumored Song
MUSIC [V3],[Unknown Glass House Sessions Songs],"Playboi Carti had said that he had recorded music in a Glass House that sounds ""peaceful and good to the ears""",,,,Unknown,Confirmed,Not Available,,,Rumored Song
MUSIC [V3],[Unknown Kid Cudi Collaborations],Kid Cudi is said to have recorded a feature for MUSIC / I AM MUSIC,,,,Unknown,Rumored,Not Available,,,Rumored Song
MUSIC [V3],[Unknown Kodi Shane Collaborations],Kodi Shane is said to have recorded a feature for MUSIC / I AM MUSIC,,,,Unknown,Rumored,Not Available,,,Rumored Song
MUSIC [V3],[Unknown Lil 1 DTE Collaborations],Carti is very good friends with Lil 1 DTE and DTE himself has confirmed that there will be a song with Carti and Redd Coldhearted dropping down the line someday. It's very likely that they are still Recording songs together and have many that we have never heard of as recently as of now.,,,,Unknown,Rumored,Not Available,,,Rumored Song
MUSIC [V3],[Unknown Lil Wayne Collaborations],Lil Wayne is said to have recorded a feature for MUSIC / I AM MUSIC,,,,Unknown,Rumored,Not Available,,,Rumored Song
MUSIC [V3],[Unknown Lil Yachty Collaborations],RPC claimed that there were other songs with Lil Yachty recorded around the same time as POP YO SHI TWIN in response to the backlash from the song.,,,,Unknown,Rumored,Not Available,,,Rumored Song
MUSIC [V3],[Unknown MC Lan Collaborations),"MC Lan (a very popular brazillian singer with close ties to Ye and Oji) said, that he has produced for Carti's new Album.",,,,Unknown,Rumored,Not Available,,,Rumored Song
MUSIC [V3],[Unknown OjiVolta Collaborations),Carti has been collaborating very often with OjiVolta recently.,,,,Unknown,Rumored,Not Available,,,Rumored Song
MUSIC [V3],[Unknown Opium Collaborations],"It is very likely that during around this time, when the Antagonist tour was planned to happen, all opium artists gathered up and worked together for new music together.",,,,Unknown,Rumored,Not Available,,,Rumored Song
MUSIC [V3],[Unknown Pharrell Williams Collaborations],"Pharrel Williams reposted the post I AM MUSIC logo on his X. It might mean a collab, it might mean nothing",,,,Unknown,Rumored,Not Available,,,Rumored Song
MUSIC [V3],[Unknown Pi'erre Bourne Collaborations],2024 songs produced by Pi'erre Bourne confirmed to exist by Raahim.,,"Nov 23, 2025",2024,Unknown,Confirmed,Not Available,,,Rumored Song
MUSIC [V3],[Unknown Richie Souf Collaborations],"In DMs with fans, DJ Swamp Izzo teased possible involvement of Richie in the album.",,,,Unknown,Rumored,Not Available,https://preview.redd.it/the-new-album-reportedly-sounds-like-old-2015-2018-carti-v0-uceczcflgrla1.jpg?width=1242&format=pjpg&auto=webp&s=eab56d74ed44e8cf6e9994d529475f217b80b55b,preview.redd.it,Rumored Song
MUSIC [V3],[Unknown Travis Scott Collaborations],"According to Soul, Carti and Travis recorded ""Collab album worth of songs"" on Aug 17, 2023. Songs confirmed to be from this session are Problem Child & Backr00ms. This is probably true but Soul is know for being 50/50 on info.",,,,Unknown,Rumored,Not Available,,,Rumored Song
MUSIC [V3],[Unknown YoungBoy Never Broke Again Collaborations],"King Bob along with other insiders stated that there are left out YB features / collabs, that were meant for 'MUSIC'.",,,,Unknown,Rumored,Not Available,,,Rumored Song
MUSIC [V3],"¬•$ - ALLIGATOR
(feat. Playboi Carti)","Song from a early 40-song 'Bad Bitch Playbook' tracklist during the Florence Sessions in Italy in October 2023. The track‚Äôs existence was revealed on July 27, 2024 by insider Saint Leon. Said to be extremely unfinished with minimal vocals, with people from the Italy sessions not even knowing about it.",,"Jul 27, 2024","Oct, 2023",Feature,Confirmed,Not Available,,,Rumored Song
MUSIC [V3],"¬•$ - CARNIVAL [V5]
(feat. Rich The Kid & Playboi Carti) (prod. TheLabCook)
(HONOR ROLL)","Version of ""Carnival"" featuring Rich The Kid and Playboi Carti with the original Ye verse. According to an interview Carti recorded his vocals two days after the Vegas listening event.",,,"Dec 14, 2023",Feature,Rumored,Not Available,,,Rumored Song
MUSIC [V3],"¬•$ - CARNIVAL [V9-V17]
(feat. The Hooligans, Rich The Kid & Playboi Carti) (prod. Kanye West, TheLabCook, The Legendary Traxster, Ojivolta, Digital Nas & Ty Dolla $ign)
(HONOR ROLL)","Earlier versions of ""Carnival"" proven by a filename including ""M10"". Most likely that they have some small mixing changes.",,,,Feature,Confirmed,Not Available,,,Rumored Song
MUSIC [V3],"¬•$ - FIELD TRIP [V10]
(feat. Don Toliver, Playboi Carti & Lil Durk) (prod. Wheezy & Dez Wright)
(DISCONNECTED)","OG Filename: field trip (new sample)
Filename showed in a text exchange from a producer. Likely is the first version of the song to contain the beatswitch for the song, although details are unknown.",,,,Feature,Confirmed,Not Available,,,Rumored Song
MUSIC [V3],"¬•$ - FIELD TRIP [V23]
(feat. Playboi Carti & Don Toliver) (prod. Wheezy, Real Hubi, SHD√òW, Dez Wright, Shaun Enzo, Timbaland, Ojivolta & The Legendary Traxster)
(DISCONNECTED)","According to Luit, ""Field Trip"" was in consideration for VULTURES 2 post 5.3. It is also said by Luit that ""Field Trip"" still does not have a Ye verse. Confirmed by Luit to not have Durk or Kodak on it anymore, and is censored.",,,,Feature,Rumored,Not Available,,,Rumored Song
MUSIC [V3],"¬•$ - FIELD TRIP [V24]
(feat. Young Moose, Playboi Carti & Don Toliver) (prod. Wheezy, Real Hubi, SHD√òW, Dez Wright, Shaun Enzo, Timbaland, Ojivolta & The Legendary Traxster)
(DISCONNECTED)","A version of ""Field Trip"" with Young Moose vocals exists but was privately sold by Luit.",,,,Feature,Rumored,Not Available,,,Rumored Song
MUSIC [V3],"¬•$ - FUK SUMN [V4-V?]
(feat. Playboi Carti)
(SMOKING ON JUNT)","According to Alek, several versions of ""Fuk Sumn"" with just Ty & Carti exist with alternate production.",,,,Feature,Rumored,Not Available,,,Rumored Song
MUSIC [V3],"¬•$ - FUK SUMN [V11]
(ref. Quavo) (feat. Playboi Carti) (prod. Digital Nas, Timbaland, SHD√òW, Hubi & Shaun Enzo)
(SMOKING ON JUNT)","Earlier version of ""Fuk Sumn"" with Shaun Enzo production, proven by the V2 in the avaliable filename. Differences are unknown.",,,,Feature,Confirmed,Not Available,,,Rumored Song
MUSIC [V3],"¬•$ - FUK SUMN [V21-V30]
(feat. Playboi Carti & Travis Scott) (prod. Digital Nas, Timbaland, SHD√òW, Hubi, Chrishan & JPEGMAFIA)
(SMOKING ON JUNT)","Earlier versions of ""Fuk Sumn"" proven by a filename including ""M11"". Most likely that they have some small mixing changes.",,,,Feature,Confirmed,Not Available,,,Rumored Song
MUSIC [V3],"¬•$ - FUK SUMN [V32]
(feat. Playboi Carti & Travis Scott) (prod. Digital Nas, Timbaland, SHD√òW, Hubi, Chrishan & JPEGMAFIA)
(SMOKING ON JUNT)","According to Luit, a March version of ""Fuk Sumn"" that is not the Remix version exists, with new vocals.",,,,Feature,Rumored,Not Available,,,Rumored Song
MUSIC [V3],"¬•$ - FUKK SUM (REMIX) [V2-V5]
(feat. Playboi Carti, Travis Scott, Quavo & Ant Clemons) (prod. Digital Nas, Timbaland, SHD√òW, Hubi & JPEGMAFIA)
(SMOKING ON JUNT)","Earlier versions of ""FUK SUMN (REMIX)"" proven by a filename including ""REF 5"". Most likely that they have some small mixing changes.",,,,Remix,Confirmed,Not Available,,,Rumored Song
CARTI YE,"Alive [V2]
(with Kanye West) (prod. Kanye West, F1LTHY & Lucian)",Said a version with vocals from both Carti and Ye exisits,,,,OG,Rumored,Not Available,,,Rumored Song
CARTI YE,[Unknown CARTI YE Songs],Multiple songs from this era/album are yet to surface.,,,,Unknown,Rumored,Not Available,,,Rumored Song
BABY BOI,"???
(prod. Richie Souf)","A snippet of a RIchie Souf beat, played during the sound check for the ANTAGONIST 2.0 tour, surfaced on October 1, 2025. Unknown if this beat was meant for Carti, nor if he recorded on it.",,"Oct 1, 2025",,Unknown,Snippet,Recording,https://imgur.gg/f/WdNxJeA,imgur.gg,Rumored Song
BABY BOI,???,"Stated by Raahim that Carti recorded 2 songs on January 8th 2026, one being PUSH UP. Uses a higher pitched voice"" but with the deep voice filter on"".",,"Jan 17, 2026","Jan 8, 2026",Unknown,Confirmed,Not Available,,,Rumored Song
BABY BOI,"???
(with Blo) (prod. ???)","OG Filename: Cartixblo
Posted by blo on IG",,,,Unknown,Confirmed,Not Available,,,Rumored Song
BABY BOI,"??? 
(feat. XXXTENTACION) (prod. ???)","Supposedly XXXTENTACION was a feature on MUSIC according to DJ Akademiks. Confirmed to be coming on Baby Boi by Hogan, and said to be a full song that is good.",,,,Unknown,Confirmed,Not Available,,,Rumored Song
BABY BOI,"???
(prod. Wheezy)","A song carti posted about in his story, samples Girls, Girls, Girls by Jay-Z",,,,Unknown,Confirmed,Not Available,https://imgur.com/a/fPF0Ii0,imgur.com,Rumored Song
BABY BOI,???,"OG Filename: pbc 5-4-25 2
Filename seen in a __set.trends IG story.",,,"May 4, 2025",Unknown,Rumored,Not Available,,,Rumored Song
BABY BOI,???,"OG Filename: pbc 5-4-25 1
Presumed to exist, considering the file name of the song above.",,,"May 4, 2025",Unknown,Rumored,Not Available,,,Rumored Song
BABY BOI,"Tezzus - Brazy Brazy
(feat. Playboi Carti) (prod. drazdid911)","Tezzus had claimed that Carti hopped on his song ""Brazy ""Brazy"".",,"Oct 30, 2025",,Feature,Rumored,Not Available,,,Rumored Song
BABY BOI,"Travis Scott - ??? 
(feat. Playboi Carti) (prod. ?)
(FE!N Pt. 2, JACKKKKK X VAMP)","In an interview with Complex, Travis Scott spoke on how Carti's feature on FE!N came to be. He also mentioned that a song similar to FE!N is featured on his upcoming album, potentially featuring Carti too. Could very well be the JACKKKKK X VAMP song.",,,,Feature,Rumored,Not Available,,,Rumored Song
BABY BOI,[Unknown Brazilian Artists Collaborations],Cartis team is tapped in with Brazilian artists which means Carti is likely working with some of them.,,,,Unknown,Rumored,Not Available,,,Rumored Song
BABY BOI,[Unknown Bugz Ronin Collaborations],A Q&A with Bugz in Uzi Hub stated that they had a few new songs with Carti.,,"Aug 31, 2025",,Unknown,Rumored,Not Available,,,Rumored Song
BABY BOI,[Unknown Earl on the Beat Collaborations],"Carti has been said to be with Ken Carson in the same building during a session including Earl on the Beat, Omar Grand, Too Dope, Foreverolling, Quay Global and Saddy Hendrix. It's possible that he did collaborate with some of them as Earl and Carti previously worked together to release ""2024"".",,,,Unknown,Rumored,Not Available,https://twitter.com/omargrand_/status/1768283254941995468?t=W_5N0NmOgBRdC3gYWYgZPw,twitter.com,Rumored Song
BABY BOI,[Unknown Homixide Gang Collaborations],Playboi Carti and Homixide Gang were seen in NYC Recording together.,,,,Unknown,Confirmed,Not Available,,,Rumored Song
BABY BOI,[Unknown Justin Bieber Collaborations],"Carti himself, hinted at a possible future collaboration with JB. Was further confirmed by DJ Akademiks, and is likely to be work for 'BABY BOI'. A Carti x JB song was meant to be group bought via Carti Hub, before getting cancelled.",,,,Unknown,Confirmed,Not Available,,,Rumored Song
BABY BOI,[Unknown Ken Carson Collaborations],"Footage of him, Carti, and Skaiwater has surfaced. Carti would post fit pics with Ken Carson and Rocky in the studio. The songs they recorded are either for BABY BOI, More Chaos, or DON'T BE DUMB.",,,,Unknown,Confirmed,Not Available,,,Rumored Song
BABY BOI,[Unknown Lil Uzi Vert Collaborations],"Many speculated that Uzi would appear at Playboi Carti‚Äôs ‚ÄúANTAGONIST‚Äù show in Philly (November 10, 2025), but Meek Mill was the surprise guest instead. Despite Uzi‚Äôs team being there, Carti still shouted out Uzi (‚Äú16*29 FOREVER‚Äù) and said, ‚ÄúI just saw my best friend Uzi,‚Äù while also mentioning Maaly Raw. Though it seems they may be working together again, that remains uncertain.",,"Nov 10, 2025",2025,Unknown,Rumored,Not Available,,,Rumored Song
BABY BOI,[Unknown MC Lan Collaborations],"2nd album is said to have pop sound, so it's likely that MC Lan had some input on this album. Also according to Heavenandhell Carti worked with him.",,,,Unknown,Rumored,Not Available,,,Rumored Song
BABY BOI,[Unknown Offset Collaborations],Offset confirmed that he has new songs with Carti.,,,,Unknown,Confirmed,Not Available,,,Rumored Song
BABY BOI,[Unknown Richie Souf Collaborations],"An unheard Richie Souf beat got played during the preperations for the ANTAGONIST 2.0 tour on October 1, 2025, meaning the two could have new songs.",,"Oct 1, 2025",,Unknown,Rumored,Not Available,,,Rumored Song
BABY BOI,[Unknown Skaiwater Collaborations],"Footage of him, Carti, and Ken Carson has surfaced.",,,,Unknown,Confirmed,Not Available,,,Rumored Song
BABY BOI,[Unknown Tezzus Collaborations],"Said to have recorded with Carti in September/October, seemingly confirmed by Tezzus himself. He also claims that he was about to get signed to Opium, until YSL took him in for $1 million.",,"Oct 9, 2025",,Unknown,Rumored,Not Available,https://x.com/PhonkTezzus/status/1976087793601499278,x.com,Rumored Song
BABY BOI,[Unknown The Weeknd Collaborations],"The Weeknd and Carti have recorded multiple songs together according to members of the community, it is unknown what else was recorded besides ""Popular"" & ""Timeless"".",,,,Unknown,Rumored,Not Available,,,Rumored Song
,"364 Throwaway
136 Feature
26 Remix
179 OG
122 Demo
69 Alt Mix
25 High Bitrate Rip
248 Unknown
112 OG File (for a released song)","696 Total Full
491 OG File
60 Partial / Cut
195 Snippet
363 Unavailable","121 Lossless
457 CD Quality
178 High Quality
1 Performance
152 Recording
11 Inaudible
357 Not Available",,,,,,,,Rumored Song
,,"‚≠ê (Best Of) - Some of the best leaks hosted on the tracker.
‚ú® (Special) - Standout tracks that aren't good enough to belong in Best Of.
üèÜ (Grails) - The most wanted songs that have not yet leaked in full.
ü•á (Wanted) - Songs that are considered grails by some members of the community; ""mini grails"".
üóëÔ∏è (Worst Of) - Terrible songs/snippets.",,,,,,,,,Rumored Song
